Latitude,Longitude
48.5600147488,12.1366223689
48.5390797532,12.0959665032
53.3636784825,9.8725737345
48.5393401291,12.1559149436
53.456243057,9.9878995917
50.8324140045,9.57176968016
48.4856775041,12.0145954737
50.8619101,9.7203601
53.457747347,9.98755470433
48.6264739757,12.3189561512
48.4543208103,12.3338999803
53.460230723,9.9817840397
50.96228975,9.78981124868
48.4119094357,10.439983831
49.901191,8.6085118
53.7423793965,9.94416871815
49.447264842,11.082351971
48.6828426032,9.00091565095
49.3820038668,11.3415933273
50.1149522771,8.68620213714
48.112949075,11.5760900826
47.9605360015,8.51321468284
51.1660726436,6.84608714297
50.5918574417,13.0106228845
52.4276097438,10.81141685
50.8190891253,8.77463360013
51.3327280644,7.02034112838
49.3262326577,8.53974544978
48.15685745,11.5837017566
49.984343366,8.4298388745
51.1808554104,7.2416132611
51.9800950628,8.48054612986
52.9179271938,12.7847215294
52.5299686455,13.0832270124
52.5072568352,13.2796986398
51.8320622,12.2432144
49.444021846,11.8307322146
47.9082504968,7.59295613102
51.6962183331,7.96555851842
50.9161440527,6.71435513985
49.7689039789,10.4693602036
53.37041465,9.80062365
48.1375372877,11.5633615315
47.6756446552,9.15240328808
48.2157029635,9.8769846592
49.4426516298,6.626028119
53.015927282,7.85238006459
50.1142064125,8.67557186202
48.1970934999,10.7589557204
53.6282265988,11.4090589023
48.1303630195,11.5581415537
49.6499359799,8.36180350297
50.8859765772,7.63635866321
49.3436547881,7.17411529267
50.1322631509,8.91719027371
48.1421847244,11.5506050337
52.1604194435,12.7822048521
53.6087298775,10.0460823941
48.1171161,11.5391166
50.77893985,6.2213787
50.7675906494,7.31268518458
50.8988432761,14.7843405906
50.9419108644,6.95617857801
53.5706377532,10.1438219337
52.4696481895,13.371281117
53.5047458768,10.0901321195
49.4954479304,9.76242082869
51.494789,7.371116
50.9284368821,6.94217606877
51.6928115261,9.98959935806
51.4637023265,11.9073675386
51.1614700907,7.00389963341
48.5639659141,11.2889180527
53.0487050185,8.62916548012
52.2657486983,9.07128009166
52.2540265402,10.6543651893
52.3371022937,14.0767714645
51.474445718,7.1491201108
49.3088989804,12.0985726629
50.5142206749,10.7522611127
48.8225980278,8.29553413455
47.6645806877,9.57821805655
49.0383208515,8.68920400894
52.4696045456,13.4421830082
53.553385055,10.007154486
48.7470971602,11.4667823274
51.1473936322,8.03232416562
51.976579,9.27799495858
50.5517707193,11.7906028757
50.9367561651,6.93990968724
48.1491790845,11.5628266962
52.2626671618,8.07078126338
51.2172908,6.8233553
47.7658189582,11.3589589609
53.5427848903,10.026907987
53.5187865687,13.2606922633
49.4517023928,8.42181293089
51.1941588686,6.43601013907
52.3333275453,9.4137894962
50.1162626896,7.60005118861
49.5505040689,8.45034664989
47.8286481926,11.9031853843
53.0656927614,8.77051506401
50.8417763773,12.444462612
49.9986897721,8.2717878913
48.1397885028,11.5028318165
47.576297339,7.79635299395
49.6223894897,9.66803025863
51.569193708,7.6735537195
48.0438667959,10.6223322573
53.5605806616,9.99013518516
50.7927160051,7.1747329119
49.3386881196,8.15984811347
50.8899727107,11.8722170555
53.0117881438,8.70224846131
50.9429071595,7.29737203853
49.0108073904,12.1011688947
48.406978284,10.9525981741
51.9545131475,7.97167630495
49.6646235137,12.1539679103
51.2189674956,6.78402056946
47.8862841395,11.689257957
50.9584809384,6.80048227419
50.1573013962,8.63246894502
52.3745072006,9.73869478558
48.1840518359,11.5310640647
52.4104615188,13.3816635732
53.8484868854,10.6775638506
52.52702566,13.2333881116
48.0652608523,11.553121958
51.5078527701,6.54351155421
50.7342171484,7.13178982352
50.90832547,12.0661252336
51.2020159,9.46834475955
50.763069794,6.9771273584
53.5189921248,8.11778590506
54.4724283015,9.82809232082
49.8715706297,8.91417682925
49.5960739922,11.004180648
48.0240518055,7.58512848491
51.616257896,7.52771636209
51.4303323884,6.88649861447
50.047807345,8.562305471
49.3565870852,6.72012618747
50.8916245499,6.90173318635
49.3291661367,7.32044249179
52.6009190533,13.5156183419
52.6012529201,10.1072333629
48.8658371544,8.22301142201
51.2788549921,7.02033844582
51.4686992312,7.27037474878
53.083014407,8.812488924
47.9849198966,7.81999899991
50.87764675,11.6207363049
52.5842352006,13.2862131215
50.1158463081,8.92903865262
49.4852656407,8.44292033693
53.628712,11.411196
51.274276,7.221333
52.506492143,13.306335561
47.736161633,10.328598446
50.8051572174,6.15379997427
51.4740142059,6.85335561227
48.6969841873,9.6859852
47.6131056892,7.66189032702
51.5035365363,7.10781023065
48.8672267526,9.20004177379
52.4198006295,13.3131546935
53.2471346739,10.408635216
51.5643714203,8.08748708577
48.544698659,8.7286811701
52.5095094559,13.4349292458
52.196508,9.090539
51.517094,7.459405
51.5517570201,7.07651912635
50.9497908127,6.91668293524
52.1313486952,11.6370342784
50.7598637282,6.15322195549
50.0708124749,8.24408364884
52.3594610114,7.26096933926
49.9622142049,6.54105219934
51.2509018534,7.12891891569
51.0530007392,6.21680237025
51.5106964455,12.3379360975
47.883001,10.24836
51.5977921234,7.24565229478
51.2087965345,6.77595161643
52.163014153,10.522048813
50.006263335,9.2211737499
51.136957764,7.199517708
54.1787751023,12.0870901037
52.3175083956,9.79744511452
54.9078489868,8.30144254807
47.7482724632,11.5653218162
48.77566,11.3888855752
51.0957074209,6.60795848715
51.277515122,6.7652853537
52.20974,7.199742
51.6559868582,6.62627867802
48.3448673504,10.8844768933
53.14265088,8.21355034145
47.8527501065,11.1523629543
48.3373089367,7.86215453645
53.5726305419,10.0684531356
48.722169231,9.129651318
48.9040034523,8.65484197611
53.1435,8.2229
51.43230079,6.77091719207
49.6994239,11.0648191108
51.1880952353,11.9886709923
49.9696476142,8.22959268301
52.3057076285,8.12438586173
50.0016615631,9.58482698004
52.519906,13.388034
50.0491189951,8.22032031251
51.5110893998,6.93515619908
51.343455,12.374798
51.3777362137,6.41527594384
52.5203224867,13.3863250928
52.1977481469,8.56731884425
51.5172224126,10.2403865714
50.5980054304,8.82202675962
51.2120419745,6.13477226325
48.5368633969,12.1517167409
54.0592902763,9.98216233414
48.691279454,10.166806723
52.504333728,13.6234395223
51.91073113,7.398846802
52.1470535512,7.73424805115
53.851017068,8.71486016844
49.4082864988,8.69276405198
54.1333589061,12.0637335287
52.4201649279,13.1618707911
50.5961657006,12.7090401406
50.121412,8.929876
48.6305925928,13.1911457843
49.2111715969,9.06992068053
49.2528611766,10.4352522089
49.4323501452,7.68216864053
49.7711721872,6.65580854521
50.7330418764,7.09759353876
51.5316984886,7.21133995693
50.97317,11.0379
53.182667557,7.999975689
49.8874095223,8.63387465282
51.6508880609,8.34459838705
51.2697280764,7.19826779499
49.0200791582,12.0897889558
50.8926664587,6.27476411476
48.536779,9.285013
52.55639985,13.8666991639
50.5849331676,8.67705279831
53.3918655697,7.20824474862
48.7763600796,8.1795284494
53.6852854797,9.98467956747
48.12100705,11.5858917239
50.9808761188,6.84412010895
52.3088939,10.5104029
50.6783293496,7.16730597252
52.348814964,9.69031748277
52.2058270062,8.78020775548
50.045805038,8.21567575303
50.7679474633,6.09038827051
48.6150668337,10.20607174
48.147098348,11.7900909555
48.0316622994,8.52891711436
53.4181225722,11.8291937016
50.6860142538,7.15283538519
48.6329982815,11.7779877465
48.9898144,8.37271350782
51.3703294953,7.54929739906
49.0023063513,12.364982956
48.0946814894,11.2837128076
53.053908912,8.783399269
50.03069828,10.5294199681
48.514450852,9.7579602594
51.4284654193,9.64610066903
51.020517922,6.8965974934
47.8430629374,12.9663294857
50.5655401626,7.52687927437
48.2839605977,11.8973242227
54.1141378695,12.1939565851
50.9403781674,6.97471820039
48.411181701,9.034837437
53.4969104871,8.62286098868
50.0758597411,8.2094106111
50.7753090547,6.0875150659
51.754605965,6.96332638782
48.8017578616,9.21735816366
51.7202359289,9.01645697928
49.6258469241,8.36215731998
51.8893355,12.403146
51.83148383,6.6290426038
50.9601027533,11.316494959
54.0884843674,9.97825866756
51.3149593131,6.47653467702
51.5868943772,7.0355002037
50.9763425649,11.0776373088
51.2007686109,6.68769642797
52.896157202,8.4124829344
50.1086652998,8.66866444522
52.2478845152,10.5109716401
49.4541219934,11.0766264215
53.572867,10.030926
51.913213065,10.4456856574
50.6802658351,12.5913102152
48.1885871059,11.6141060656
48.453128736,10.2627546615
51.0499461823,13.739200864
54.7862452719,9.43390138917
51.7678895533,11.4848116398
50.5507139473,8.46977407472
50.633907029,7.0559416931
52.338113579,10.417979899
51.2281320232,6.78809757744
49.696281903,10.8139581438
53.5767277254,9.93700149463
49.3190212718,11.0491315044
51.6672934948,12.2597518644
51.790041423,6.1549802174
49.945532613,7.269242943
51.5627412079,6.75133285767
51.7806464283,6.12902320378
49.0150040704,12.1002896151
47.5941957396,9.8642702192
51.7132271314,8.74076128434
49.801535655,9.93517922
49.7947597455,9.93110973124
51.0650810687,13.8954143666
50.7377345823,7.10134807868
49.0143709,8.3514897
51.4423370009,7.35253760883
52.524994761,13.369499075
52.465233922,13.327932634
47.7923451862,9.62350304607
51.8498017832,13.9070225836
47.6595031672,9.17681084309
51.3717863842,11.9846616497
51.1146425386,12.4867295869
52.475528725,13.364636051
52.5605475297,13.3636893513
50.827233766,12.9120938167
50.0820543278,8.23840391599
50.2031086343,9.13375463086
49.4698879543,11.0746535046
49.978075783,9.150890942
48.4007382094,9.96515043329
52.5440314021,13.5443910301
53.5517853804,9.93579133941
49.2038879594,9.48783581879
51.2057283153,7.04142275904
47.6894945372,10.0337059837
51.1798537335,14.4266330128
48.147353567,11.463801207
52.392190377,13.0665493373
53.5578210546,13.2570744437
48.8960091674,9.18964438721
47.5183462748,10.2869678129
50.960172862,8.0277233342
52.521181593,13.41194327
53.110547458,8.747035812
50.0483104387,10.2087595477
54.0471919372,13.7509805528
50.6427462088,9.39641741527
49.3215306744,7.33827529284
50.1820925079,9.00771092681
52.6525367229,13.2044096248
53.5236261108,10.2283598239
51.632162506,7.87413052363
51.5052351027,7.57313219707
53.6636376587,9.79347494311
50.30794914,8.51559256
53.6479653858,10.0583693491
54.3095156319,9.66365874463
49.9469825733,8.6092601294
52.8517383444,9.69301781202
53.5464870364,10.1531748483
54.3124772,10.0986057
49.3859078945,8.39241879718
53.2524149028,7.93341551993
54.5307727543,9.57548798241
53.109594322,9.9814687273
49.233761257,6.99565674156
52.9866364723,10.5485605669
53.552078,9.994858
51.03694395,13.297604093
51.3332874958,6.5644494257
53.580488672,7.9070146527
49.8468902998,8.35623243071
51.61580182,7.2019414937
52.2335970801,9.24735744357
52.4284447142,9.4167078493
53.0748728705,8.80846183556
50.7505627788,8.27726635712
52.8400218412,8.06787121901
47.5542197773,7.93064839697
48.2856247543,10.1165070743
49.1427229828,10.0480526107
51.4881313735,9.0073684886
49.1453906,9.2207209
51.9930177992,9.7978761285
52.3809217069,9.86108823972
49.2499931789,8.50133205357
50.9008611627,8.53578901873
52.2106933831,11.6698623506
52.1594838578,11.6090546017
52.3760954731,13.1112435618
51.458184,7.006514
48.8544464815,10.4831736811
52.51479041,7.68713637802
50.108631418,8.653620542
51.2267285413,6.77629523453
51.8186822116,6.44378792674
48.7734204007,9.17316235002
48.3832652747,10.9371942333
53.4928739053,9.12265603321
51.9077828614,8.38347679208
50.2201100908,8.62237331398
53.5877869895,9.87596741151
50.0018166044,8.25878643929
48.101077442,11.645114618
50.0332758344,10.2333212998
52.4332542455,12.5333511456
48.2739044322,10.9774993258
51.4754051325,6.84304859557
50.8063112556,6.48052539867
50.7947274646,7.20336836228
49.8347368006,8.48309198949
49.7476750076,8.1363145755
54.3203148666,13.0490159236
51.3508905511,6.86566493521
51.2389622753,7.60734109764
49.1383678685,8.56490032758
52.3759506793,9.73355821138
49.7684821152,9.94104347708
50.1902443389,8.65185045232
52.161033439,9.997750863
48.4747796187,9.22707254413
48.1938899082,11.2490104461
48.4010713838,12.7498747876
49.1763916095,11.7282740223
51.7666454566,7.45995821689
49.454108505,7.79099331319
53.0649357601,14.2711615958
51.085411828,13.6923144324
48.8414943597,9.23222261338
52.7998282254,9.96984777541
54.1807755755,9.94471248487
47.7615837138,8.83896006389
50.3000507249,8.69281159763
49.871059401,8.65432434801
50.0583760725,8.37021353624
49.7990721337,9.95278736907
51.0941283074,6.84109183028
48.7820046934,9.18184936557
48.1360321377,11.5782335941
48.5726511178,13.4140023196
50.9849317546,7.12154109073
50.7733207547,7.28579569982
48.0882632518,11.5048157046
49.1477786192,8.5558491434
48.2115269736,12.4181870276
51.8806245768,11.0770669612
49.1427187112,9.30912803512
48.3985926704,9.9861185107
51.3281305207,6.59103744624
54.1083123854,12.0360039747
54.3224415843,10.1366091992
51.269674043,6.5193429031
51.3410348096,7.40430070215
52.754493,13.248426
53.604411511,10.15422485
49.9573762785,11.6028717791
52.0288923242,8.53285842007
49.7570857122,6.64137355086
54.442750918,11.179084023
54.0928160296,13.084720357
51.4795258367,11.9193437329
51.9515597981,8.5733111139
51.1660472799,6.44314569303
49.6876436666,9.00498537448
48.087189825,9.20433022067
50.0474566555,8.57370856748
52.370649,13.134371
48.794611666,9.01127379
49.102489042,8.01084721248
49.5275611235,8.57287426838
48.5746782586,10.4479469098
48.7131231771,9.3089033515
48.254427952,11.4438576987
51.3442667567,12.1755618332
51.52138675,7.07334843617
51.3150056766,9.49467929518
50.1630239968,8.53484184257
52.2643998969,10.5287030129
54.794051137,9.373192631
50.1337960267,11.0448825336
53.8803705881,10.6740892601
51.8434152076,8.31782952003
52.5435401843,13.6445231523
52.5488534543,13.5998763921
51.4834448715,6.86466070505
52.3750927759,9.73777377421
51.8236327408,12.3011518452
48.636223832,9.346104662
51.036532,12.159887
50.8670101434,6.67700723054
48.2834615139,11.5637612719
50.956431776,13.9138716677
52.500632,13.436241
48.2315670823,11.6882026814
52.6844483828,8.78353467382
53.541316,10.099061
50.9985205755,7.83824974433
51.8063759683,10.9431343437
48.1408321058,11.5595963023
51.348944765,12.478633376
53.5422496974,8.58068939791
50.1299785673,8.85958186292
52.4267322778,10.7907132931
48.644612888,9.431107066
54.0885348855,12.1350019439
51.1621155001,6.8783470177
48.3669092316,10.8944625562
51.70561355,8.72407984926
51.459228785,6.88425610469
52.8352072854,13.820656235
48.8970749553,11.1757214162
51.312898,9.44679
49.140255967,9.217961215
52.4362472097,13.4649293625
54.315255,10.131912
51.3474532277,6.54052587671
52.3114943955,10.8250477874
50.3808455826,8.09135671157
49.842773121,7.865998943
48.7082815509,8.76050020278
51.207284733,6.7564304596
50.1133895247,11.4467689832
49.9879722877,9.16518939773
52.6069945485,8.36069650008
48.1763048399,11.7639404712
52.561696528,13.428164989
51.0601970997,8.77951604671
53.0814729198,8.81107747828
52.2657649285,10.5204713846
54.0725730094,13.3941783598
49.5107061441,9.3140100847
50.7322158915,7.09723753041
47.6982309737,9.82447265433
52.4318822311,13.5470808413
53.8694681734,10.6877146671
48.2623407774,11.4726606211
49.1818211591,10.0683524276
50.2505001326,9.28804471738
50.9611,6.12419
49.494196,11.078907
53.5691102633,8.59704296237
54.3010530966,13.0945427466
53.8743135349,11.448696949
50.92783545,11.5830593407
51.53153,7.165229
49.483032624,10.966684457
49.4532013854,11.0149769511
51.3990679358,7.17470068381
50.114184384,8.6789204973
50.998603466,13.719257416
51.280360211,8.85943896808
48.4581343377,8.69614524553
53.8671405253,10.6704902529
53.5874987519,10.0894977385
54.802607154,9.48548324917
52.0236528048,8.53345720134
50.3330209049,10.2255909728
52.8109381404,8.21587879612
53.1376965747,8.74117224766
53.1009342919,8.78705919479
51.946532523,8.8567515541
51.7666596533,8.04070326069
49.5150283819,11.2878738866
49.67248065,8.59776871637
52.2018404615,7.81452206492
52.1755086419,11.4932284521
50.8691283759,7.13124429946
50.83234797,8.7684953238
51.065794148,6.10060337166
50.9608654345,7.00621661875
52.079517333,11.581359539
52.5528558945,13.5436986928
49.2142671393,7.59537131776
48.28060986,11.2680713969
50.5795660429,8.66278865403
50.65792891,6.7916508906
48.119108255,11.677442716
54.1981277054,9.12611942358
51.5225236745,11.953121318
51.503663656,7.4949270473
49.9250911831,7.93654376999
50.9162184894,6.92704495336
50.8340718894,6.45846504639
50.4425071573,7.50111719518
49.593628,11.00435
52.431706181,13.2593984843
47.6857263706,11.7585866304
51.5626927607,7.90112766682
49.2426325261,8.89328044269
51.7783717833,14.3196084804
52.518069,13.416123
51.2132343256,7.64575032501
52.2771860357,7.43486401576
52.4704681111,10.5436701331
47.966194714,12.5851360551
49.7974924418,9.98739404596
51.5273971482,14.0086123912
50.8113807989,6.99235311765
52.4412722203,7.0843855639
49.9938774614,9.07192187709
49.8729,8.63197
48.224754324,11.3336266406
50.1072809919,8.73446727447
47.6216955729,8.25538678062
51.5245958754,7.49307829035
49.9809054264,7.53657909908
48.4720404915,7.94301916802
49.9084392569,8.84867049656
49.467858906,8.1986175914
48.1233422833,11.7599139127
52.5098825602,13.5316281201
49.8514708732,7.89426079928
48.8842691136,10.1354572687
51.6710178453,8.34906636173
51.7648558065,11.9867451737
52.4005202982,13.0567276755
53.5504803213,9.99950971399
51.3546191693,9.46482303586
50.1868099758,10.0766608748
52.131896218,8.6655866318
53.0479404013,8.74361135926
51.6979967722,7.67184939613
51.5784331278,8.10300639726
52.1593870977,7.31976584423
51.7649033118,7.91142210355
52.6355301931,13.3077601595
48.1922392623,11.5845544733
48.8086951168,9.5713398642
48.0212707647,9.48879288785
48.8245323217,8.86951771824
48.6874969363,9.00548901414
49.5461402319,8.35316635294
53.4996967303,9.99985454093
52.37622851,9.74172229063
48.7908577608,9.18382141635
48.4837931784,7.94678993955
49.2487764209,7.35090121891
52.2366826462,12.0594735036
51.1635213709,6.75243904406
49.9464771244,11.5689655372
52.387629218,9.97284499121
52.4575190983,13.3205533151
51.4794190952,7.22392539559
51.3998314568,12.4005178826
49.9631672345,8.67315495628
50.7144369032,7.02938241715
53.0484511612,8.95740589693
51.9286035162,7.17024132863
50.7902540746,6.11756715771
48.8098461634,11.8615475196
50.3729200186,8.03717775746
52.5044111579,9.47496461384
53.9338927,10.2883473
49.5940147413,8.48254558308
51.5369853062,9.93418500085
52.5984818871,8.11576912036
49.3148511372,12.1498482316
50.7351278907,7.1020931593
53.0291101819,8.80632283786
48.0474959731,11.5311837874
52.4229856137,10.7295766687
51.2947139961,13.7343578184
52.076648315,8.7548389645
51.5379,7.6948
52.4057675689,9.71049737518
51.8521619871,10.79079819
50.3875430953,9.53218232709
50.8229903332,6.24649825908
50.6743325162,8.28129070367
51.372157364,12.475854354
49.6646403271,10.0762651219
48.3660840498,10.9052220032
50.031037611,8.70305205416
53.5728658189,10.0685653172
52.5375263761,13.2188873026
51.832615223,6.26433310316
50.1367565513,11.2515538737
53.0532110188,8.80192350523
48.145492892,11.479872157
48.04627355,10.50622845
49.1030764964,9.69329790409
51.349306682,8.2792170368
54.0762393882,13.4298117661
50.5727650026,8.68933708543
49.2883548042,11.4410738425
50.7360615945,7.09808820976
54.3909770519,13.3729817211
49.715818969,11.91650932
49.302904979,10.582909362
49.4625399877,11.1408367184
49.7395439362,6.62194208941
53.1572854114,12.4507189272
54.1228709008,10.6358968936
51.05276905,8.39441893486
51.7033375,8.7707515
51.3858283606,7.67556323046
52.2033339341,7.05640984041
51.07480213,13.7398190101
51.2835449483,12.4281717319
51.561394716,7.3102693694
50.3573437241,7.59257283237
49.9720081999,8.02228673521
49.5842763542,10.9654201986
49.2891063339,9.67851023115
52.5095484057,13.497215548
50.7943841962,7.86319701861
51.0433,13.7356
48.2616305023,8.85273942036
51.0127919104,10.9883555955
49.4399777179,11.0805292536
50.5898578483,10.4113394887
52.4307489256,9.61531330091
50.5540125212,9.68299309338
53.1716,8.22949
51.83673894,7.285279819
51.9304038948,10.4090489597
53.4617116726,9.69519442846
52.7656353047,13.2458638513
52.4417171201,9.72386755367
52.9143,8.82718
52.5496631878,13.3886306768
49.0042047149,8.44828616463
50.2957882004,8.25276925344
47.8468288087,12.1253409306
52.5220412889,13.4080335388
47.4257426376,10.2665190852
49.1286081065,10.7708175555
50.9983892139,12.4085301017
51.3471360078,12.2631837099
51.6078947692,7.1808175407
50.2025719994,11.7790643434
53.5892112136,10.0457932635
50.5457711387,7.11070669097
50.0136783183,12.0994144748
47.8441597905,12.3458774396
50.5781568806,6.26134469224
48.9569639911,10.1841735167
53.9037013917,11.4059988939
50.9177924077,9.20615597572
51.2254660977,6.69906116799
50.1417675113,8.93255193656
50.6916190192,10.92459588
51.49476908,7.2811593255
51.1723450522,7.083655125
51.9578084264,7.6276673909
53.0463924385,8.8442805477
53.5846486319,13.2707236693
52.4978087419,7.32711646711
51.5128815651,7.6168867618
49.9494476705,11.5795429929
51.5218604998,6.83161539634
49.6440724531,8.62473528712
53.1601190474,8.1671093492
52.6526387181,9.21857773108
52.2721349368,8.05895359624
49.9003161585,10.8992860229
50.8462670256,12.9400192093
54.0997894128,10.7952873764
49.9654656123,9.17146255444
51.1898575835,6.92170411447
52.034479406,8.5647528259
48.693218,9.197227
52.5142650095,13.4756429592
54.7833,9.43793
50.0186302316,8.28765107097
50.9080862612,8.01251441184
49.1926220387,8.1306308749
50.330018702,8.92940002437
52.4624147049,13.3263086394
49.4610380997,8.49111898266
49.0274927501,12.1229227764
52.2965336865,9.82101807763
51.3274802397,6.21149268577
49.5544700369,8.18463925825
48.8069028726,9.52650846467
50.6894128,7.6239241
52.5976985421,13.3557221131
51.48899083,10.830399065
50.020374878,8.80027459192
52.5212761414,13.4129975581
54.301567722,10.138886162
52.5397449415,12.9786658374
53.8148775554,12.193281134
48.70375698,9.0305934859
53.433236634,10.353917385
50.0544,11.6171
48.3765823698,10.8414902989
49.4187578333,7.56348512307
52.2408797648,10.9882425218
54.0758,9.9803
51.6622508799,6.6641995826
53.8021031397,9.98277549992
49.3974595035,8.68217611745
49.5331211618,12.1351512213
52.4590015534,13.2735958308
50.936626143,6.9535506492
51.4551710906,7.96090632272
52.4373797874,13.3796943425
51.1399214259,6.42012116015
52.4773362093,13.3078972199
49.6114662365,7.33543982881
50.1678110946,12.1198749708
51.1849626746,7.05459647712
48.3060243683,11.6356270333
51.5227137474,6.34615777186
51.9878083896,7.663624277
52.9486228062,9.23326535017
51.4673170535,8.34071797681
52.1637548728,7.54496691952
51.5142017404,7.46185492279
50.845180057,6.9140875817
49.0581951121,9.26671637354
51.1327181854,9.12348804332
51.0272067531,7.01500321291
47.5678745141,10.6809630872
53.6021519905,9.96192825588
51.4332356407,6.54584941107
47.6912907618,11.2023534859
50.2224671152,6.66515093166
48.3951003531,11.7440087767
51.617666617,7.6594802377
50.8561764415,10.9581418403
53.602851022,7.18568759683
49.6636892204,11.4704971631
51.4586418509,6.63467804438
49.2087002656,6.96308514492
51.2626762357,7.78211980506
47.5022774446,11.1021436455
52.1307950091,11.6281021268
51.5360639938,6.6066053166
49.3651428033,11.2067728438
49.9769352821,8.37875257093
48.4123745139,10.9127339664
53.608306852,10.1900960887
51.00851408,10.9938502758
49.9807221717,7.9362459513
51.8902999332,12.6652080365
52.210630764,8.87394717784
51.038442499,7.00408372878
53.5398383291,10.1043846785
50.9221275108,10.552027681
52.3647526972,12.9370801518
52.561143927,13.3231331899
51.2717748749,9.52505084917
48.7396244893,11.4374406884
52.8410968679,11.1717982615
50.8778206273,12.081155192
52.7106890743,8.28370070699
53.607034,10.118369
48.8162004286,9.28291571907
54.333524384,10.113651877
48.2641790792,11.5943916106
51.6367269456,13.7371166138
53.552222,9.934386
49.0094037206,8.40490959891
48.0297421384,7.84287761264
52.3827538785,13.0874003139
53.5193646985,12.7130902524
48.3983011964,10.8686497667
53.2311564472,8.77759663883
48.0828629478,11.8547165311
50.6889346853,9.75310648337
50.2172923902,8.25450764939
51.308224632,9.45069470231
53.5498761088,9.96362138182
51.2951344,13.2864076
51.1531070568,13.1197297665
51.0297314458,9.42095207108
53.019193177,9.06884662233
51.2231150672,10.4528734401
50.1907402085,8.7422728402
48.7182006853,10.7621355086
49.37925165,8.25285208922
51.4555034698,12.0150475905
50.8956985583,13.3324731785
51.9519615066,7.61807474556
47.80696635,10.8728330917
53.5035463523,8.47457407914
51.4693123477,7.02198985437
52.687917,13.565906
49.0101704335,8.39446474512
50.5433167436,9.67553598541
52.2605820296,7.71341667511
50.48329265,7.75031028229
52.5096632724,13.3044435863
48.1610996296,11.5632145273
52.337754058,10.2446948038
48.9325327153,9.43859559503
47.6068303095,7.65501053911
54.6231362893,8.96709661326
52.5038304501,13.4695312549
51.5988324869,8.51547882488
51.0144976672,7.57301065499
50.584167,8.480833
49.4350005554,10.9667027676
52.5488324464,13.3888929672
51.5459368933,7.4599999141
53.5833284984,9.72382044365
48.4174023525,12.9460011178
48.8381129793,9.14745010268
51.4509745227,11.3042937273
47.6529922852,9.47349871455
53.5819327567,10.108523887
50.0634723326,8.25115400833
48.7712604526,11.4349998177
50.136518074,8.59912653266
48.1526700316,11.5348568124
50.9078695228,12.9769195515
50.3798883133,7.5782855759
52.6839265623,7.2955403957
49.22748245,8.37112240294
49.506782571,8.6380092977
53.663537396,10.22125363
54.6567432545,9.94532873191
50.3574104363,8.69361322706
50.818429346,7.11332846358
48.9118412987,11.8713737515
47.720217,10.315088
51.5286419093,7.47053666651
50.2730154846,10.9707779923
50.4347998645,7.42391035452
51.5709777555,7.10205893476
51.261359409,12.7089062938
47.5928922662,12.9867833892
50.039982,10.225327
50.3271565987,7.24420131576
51.6084727291,12.187743741
49.4810139641,11.1154493439
51.4506297767,7.75321806151
47.914221,11.426765
48.226542382,11.4654888955
52.3013421622,13.017240259
51.5276974025,9.88984675699
49.4972443497,8.47285069735
53.5520340813,10.0110501231
51.2346747413,7.21271254364
52.8418281804,13.6966614552
51.2009134341,8.53137540409
50.8568558852,8.00978839636
52.755485924,12.852622558
49.739722,10.146667
50.7481720661,6.85205665477
50.0845463438,8.7449655103
52.7524316425,12.8551965585
48.00078595,10.1671957457
51.7276153915,7.18569491699
50.3124141011,11.8807172178
53.6927038182,10.3205338097
49.9178656,10.8725694482
50.7813134427,6.50919987741
51.1211022413,7.37665081102
48.8511635231,12.9604323302
53.8230789008,10.5021636852
51.2563138963,12.7258265886
49.2269782819,7.02260507276
50.023326857,8.23468585703
53.8157963897,10.8784712757
48.78379974,9.1811325737
48.3874352968,10.0358303708
51.345253433,12.3797153969
51.750096,14.325159
50.132291617,8.68343440877
53.8147108583,10.8782546294
48.1614809,11.58862
50.919983143,10.7215460569
51.1212404726,9.27633759826
52.429092,10.788315
48.7898096152,9.76614746939
54.7599975802,8.87830477172
52.0303008731,11.7067460702
51.1972020246,10.0183896278
50.332735,8.760291
53.5820531467,9.49969783744
53.1948013729,9.28841015792
51.8181014615,9.83628903249
50.7338042011,9.24087104847
48.05683025,11.6022298091
53.0317755552,8.65441284391
52.6745632239,9.68753063794
50.2567646305,11.3971860196
51.4063129355,8.57630039587
48.3063705437,11.8881407324
52.4259175402,9.82623562406
51.8812893358,8.43946015768
53.0812271044,8.87763237231
51.461577714,6.99765791686
51.682098398,7.813951711
52.1024440541,8.19700273803
51.05589996,7.0019122208
51.1228708578,6.79577821843
48.138929718,11.566318677
49.9245791807,7.82577705005
48.3532920091,11.788802605
49.8520688,8.64592299835
51.2648130981,7.24357684388
49.1257882514,9.22397353704
49.2743940529,8.6950703889
49.5130143688,6.75391936763
53.5637585499,9.9656841393
48.461912419,8.4358145796
50.581597,7.479294
48.2898813752,10.8973115091
51.1652283321,13.4893650449
49.8715902326,8.63938990513
49.1959881693,12.0593501333
48.3969457624,10.8812159115
49.3374951433,9.11588642586
49.403488503,8.6771659533
51.327705941,12.3101589975
48.0193360439,10.2732530875
48.6451180685,11.5180738497
50.8352955439,6.07768199869
49.3108609706,11.0010047481
49.9716490783,8.27046743285
53.0042383504,11.7197513876
48.9201873225,9.1495834336
48.8837066204,12.6088212559
49.0429827615,11.3426068209
51.5530418368,9.93202100766
53.5525520496,10.0199916817
51.0457632816,13.7361517128
49.3392147158,8.4288429551
50.9503337574,11.1931085941
48.8719164202,9.38501022689
50.1393667,8.7459173
50.7153342849,10.4684085183
53.0700148024,8.88932063362
49.6208163023,6.06969520893
50.6580017169,11.3479901054
51.049449462,13.7356276666
48.0422441841,11.6613473088
50.914955471,6.8324530785
49.5234194424,6.00663475251
52.408396,12.564717
51.1982096645,9.74748013013
49.6022061765,6.13363667765
52.2911131714,8.02486840423
51.773931537,11.7537274203
53.9001714023,9.12083656345
48.1835764821,11.5324995947
51.451834,7.013569
51.10326,6.53131
49.6115919546,6.12953622436
49.5774330556,10.5845018218
50.5379351091,8.64892306013
50.9611142408,6.95464398389
49.6503356071,6.12863786023
50.8071246445,12.8620742007
49.2024172514,12.6639044974
49.8918224126,8.6071204134
48.5015437115,9.2152692499
52.5072850134,13.3902251176
49.6235420607,6.04903863428
50.3505427923,7.58915243685
48.6412335956,8.03671847421
50.223702072,8.58152137266
50.050361,8.570007
50.8574613824,12.8736426475
52.8501460206,9.55423526437
52.2780935987,8.9027063692
50.9935471286,10.2933207933
51.18330784,6.68222056331
52.8450236137,8.03980238265
51.2526715923,6.39897160055
50.0383884341,11.4898074218
51.510990511,11.576504573
49.9363894498,12.2225137394
53.6221369719,9.95238059812
51.4926294558,6.88650061117
49.2855958313,6.7849052452
51.5401443826,6.88632746676
52.308234086,13.3138138193
53.3391547265,10.2187220793
52.3429862831,9.76362052651
48.1242549891,11.7577778667
47.8288811909,12.5909967825
47.659222134,9.48674205032
49.547746755,8.6640834545
53.4213844186,9.9818641213
52.5070151336,13.3325410229
48.7756013288,9.17729729357
48.3911592877,11.0620367406
52.4042762588,7.98707463714
50.619383287,12.2858789922
53.109202907,8.88579688329
53.8545890995,10.6356346795
49.5467471632,6.36360871815
48.5086730965,11.5839217676
52.0498913491,10.3785850427
50.742370693,7.0748065486
49.8588654608,6.14078605469
52.547063994,13.4683674559
50.9765999032,11.0352935789
51.5224837368,6.92792129834
50.6848486627,7.2751313094
48.6902344402,9.19511805603
52.9722593589,9.85211355407
48.1628111174,12.8019865167
51.6699417833,6.17166415803
51.5441,7.217393
51.4961813576,6.76989295635
49.8949869716,9.39479821269
50.9696398104,11.8551165571
48.7198745342,11.1704503901
52.0883358677,7.02423537414
53.3986501985,8.12375094283
50.979449089,6.9690570054
52.221991584,11.0523363055
51.436860704,7.0245653887
49.4463425836,7.70607355935
50.9490441901,7.01864583812
51.9574305546,7.63489203671
49.4101185088,6.89583351229
48.9940899602,8.40074134435
48.1868962864,11.6066888956
48.3358405344,11.6110496907
50.83154,12.922047
49.88266,10.9219734204
49.7323685959,10.7271028499
51.006657438,10.1765382581
51.2657383587,12.4981134482
53.5255379719,8.58853583429
52.402906792,13.1866765219
49.2895128294,6.75977706399
49.3566063662,11.2044472039
51.4188487355,6.70774117581
51.3999586956,12.1916129534
51.3588562682,7.47236492587
52.4128574928,9.73498470993
49.3556726336,11.2024236861
51.7306901423,8.76515712488
50.8970259648,6.68221251887
53.3044948238,13.8829567605
52.1586330497,10.5315136241
47.9938590866,7.84873960922
48.7407129657,9.03377928722
50.299242657,8.23503873771
53.0609157354,9.17102924321
48.6778535919,12.681221445
51.4775803036,11.987267087
52.47078984,13.4611899149
49.0411431001,11.3544095282
48.9314696218,12.705352932
51.4003360763,6.87636059501
48.6774519881,9.19616984192
50.0491370505,8.69794224093
51.3860937874,7.76913586893
53.4711396372,9.92823666446
49.5421349941,6.12037236919
54.313328688,10.132081739
52.130472036,14.6349737222
49.428133193,11.0618716094
49.4796515346,8.46990562665
51.03302,6.988208
51.2346364404,6.81684180972
49.6338127325,6.1728668383
51.1062401403,7.65336187815
49.0174977069,10.9616879254
50.0884881818,9.0477044012
48.365126,10.886816
52.280550878,10.5197920084
50.9284306875,6.77611618336
50.9425530016,6.65222463201
49.9138832045,8.18019846992
47.850215,12.119893
53.6537229811,10.0055306461
50.4336262595,12.1298972123
51.0762208661,6.30800617579
51.1450697541,11.8313712482
53.249682,10.419401
48.8383319023,11.4684991494
52.3474154891,14.5508013439
49.0679977472,10.328809335
50.1376891243,8.69706617524
48.1491131708,11.460872775
50.0512956577,8.58722379069
52.4294743786,13.4539319514
49.8041494566,8.58253544008
53.050889591,8.9604839474
48.9930213147,12.11011658
52.3173634648,13.6029881502
51.1982932529,7.37238827243
50.0481111452,8.71727155202
51.309883685,9.54269671736
49.4755858836,8.42283316669
48.5211206379,9.80624392951
53.523266496,8.07265498114
51.5615727377,12.9712289817
47.7478869319,8.95049083572
52.458929,9.694952
53.119202051,8.25889213224
47.9711582393,7.72268448588
51.1948153518,6.45033295621
52.5957011809,13.5990545941
51.483872425,6.9743941272
48.8082527436,8.18001974978
50.0032783024,10.1171531567
51.4271994716,14.2359085029
50.4970590819,12.1710201095
51.2764068184,7.15700334464
48.3093435142,7.78968091967
48.0490781807,12.2221650126
47.85640613,8.7922030409
50.5527314564,9.73014264766
51.2986882052,7.31425187035
47.5974095095,7.60374112625
49.4113385775,8.5439166729
48.3949602143,13.3118372335
50.4311893235,8.98098272206
49.9836382428,8.57950573472
51.877851,9.087307
51.654677108,7.8389667083
51.8972141519,11.6923650011
50.3975916661,7.51197587336
50.625564149,6.9636902131
51.339154284,12.374358144
51.4452996367,7.08417052557
50.12325921,8.74320162036
50.8756756501,11.809306751
52.3098997962,9.19185301566
52.4281742083,13.7434498002
47.8073007243,7.60393646488
50.9428678787,6.99418816466
52.0007552952,8.57328200533
51.477068381,11.9872848716
49.2448875129,6.86314408652
52.321912461,8.62575670893
51.6578780913,6.96805904225
54.1947208948,9.0965891595
47.7162105191,9.40141428612
53.5632568601,9.92369872477
48.5537371685,11.5891765595
48.0636109925,10.8667804074
52.093553231,7.59968434629
48.9652881522,13.1369525709
53.5515469018,9.9955956574
53.6514925902,11.4049679115
48.5831824556,10.1780029328
53.4706856648,7.46771297036
51.6320400834,7.33030180604
49.7065884601,9.26406783576
53.1683286926,8.62731470905
48.9102468138,8.71689106756
53.4736710759,9.84655999074
54.7768097561,9.41419873499
50.9118009087,7.05332064489
47.9975079964,7.84173902445
52.2644955464,10.3679711594
48.8212375713,9.17369096252
47.900340078,11.4269274935
50.9222400546,6.99814874303
51.6447254893,7.10231906038
49.4501111847,11.0776126163
52.4480719289,13.5929388746
51.4968470502,7.00771576424
50.9198065271,6.13756959385
48.6777563871,9.36630841537
49.6689333618,8.02102622563
49.4276854144,11.1428805525
48.6380231447,12.489024889
53.0915905537,11.0880842101
48.8084878992,13.5260400686
49.489113,8.384939
50.9196313347,6.85066467249
47.5954690026,7.59567896735
53.8624141771,8.7037178913
52.0286889147,8.86565987736
47.5907362294,7.59238607092
51.093535472,6.8139910329
51.1160291653,6.9073827353
47.813401208,9.6359604216
53.552079295,10.046402201
54.28695744,10.223118135
50.4814363392,8.29452234948
48.8144658582,9.36328050921
49.6279948104,10.9235760309
49.0099181833,12.0631626333
51.509139636,7.1903470014
54.4866737732,9.07544438707
48.762993856,9.2547953533
49.7386957348,7.40871401445
50.4261845133,7.56986826082
50.7192822,12.4946247
48.2125942851,11.5631773819
50.4952793864,12.1366002758
49.7708368146,9.58702545093
48.9529512032,9.13565584319
48.1514809774,9.48892823993
51.6666684499,8.5891723616
50.09979755,8.60629804998
48.3312254439,10.0360906258
53.4994761455,11.0963949669
53.9193501295,9.51248624322
53.4709127822,9.69096512951
51.9110567849,10.4226351569
48.5739275653,13.4568176376
50.957480135,6.9019246326
51.8377102884,9.46400702302
48.381371544,11.7530990965
54.7731231459,9.39656663473
48.9565712721,9.24496459557
52.4910793638,13.4580285285
52.528698126,13.123936818
47.5481250418,9.72709862486
52.3585005141,13.4330633914
50.6515128506,6.80575307789
50.3817744264,7.27012653386
48.2527480986,10.3548277235
51.491762858,6.8803322647
51.2237299748,6.48324235121
53.4805437564,10.2071090481
51.2978718,6.83021072283
51.2532578095,6.95139646495
51.3375286749,7.99769971136
48.5566245981,13.4184336475
50.9381565121,6.87778771106
53.7465523464,9.6957300313
48.705990637,8.99934470252
50.5804196173,8.64635665116
48.9735210083,12.0646713538
53.489458,10.207032
50.9797171595,7.07271482678
49.4622373352,7.15836198951
51.0425068333,11.513377253
51.291718138,7.28199331395
50.4939982441,12.3960595093
50.9378192354,6.8359841971
50.705985328,12.5008584717
49.5736814713,10.916012402
52.3246007,7.4314241
48.7898619903,12.8981163425
49.2684814755,7.13634073783
53.601628329,11.389946151
47.7756920815,9.19176415203
48.0686150238,8.4654546473
51.344641118,12.381063352
47.923421835,7.70807010088
53.0797529603,8.89381722597
53.1166039615,9.3960579363
50.4485837675,7.85161093022
52.280257797,11.4321779061
52.5080637111,13.3744543638
53.4888692397,10.2711501523
51.5946474064,7.1275788514
51.990298,8.789556
52.5403366964,13.4387841544
52.5102600123,13.3795719291
48.1692048113,8.57346854235
49.9564426214,9.77143088531
52.8602621444,8.74855268611
48.5133178067,9.0716578518
50.3398793734,11.1440741454
50.5751120881,7.23293881087
48.2217883738,9.02619975416
51.946986796,10.1385422756
49.2895108974,7.02839080913
48.251436,12.505329
51.2203154881,6.79292559312
53.1814691605,8.62131167712
47.8433752226,12.0645778895
51.1686691134,14.9685935491
52.4855724125,9.84515536082
53.0780158925,8.80354442356
49.4846294212,8.47355136125
53.700240798,10.734780734
51.4388464883,7.33672425441
54.2966251106,10.8665863082
52.205817629,8.05891757219
49.1787094508,9.22623368535
47.9676978455,8.78664464804
48.9198086241,8.77637302507
50.9912,11.3264
48.4157327526,9.47406466057
47.7530731355,8.85287848854
50.795464948,6.77988068639
49.1165635334,12.1124336824
49.4696616943,11.1014765351
48.581445527,8.895525613
49.4781981698,11.0130284923
50.4361016,8.68110921608
50.6306088638,7.22776629619
49.0259478406,12.1157922858
50.943501,6.959165
52.1903702695,8.353796798
48.4649207227,9.94776992527
50.8979512964,7.15199897936
48.2269008008,7.7508051413
49.446427294,11.0828589943
48.0023951495,11.3465653973
51.4543923131,7.56139436901
51.493708,7.366686
53.9129485915,10.7356015915
48.2897871382,9.71657163626
48.1389425468,11.3715032514
53.6186102932,9.90445463038
49.82044935,11.0023676572
48.7849761951,9.0182671774
50.9024518,7.07306651568
53.0350193913,8.88747677649
51.0386540982,13.6313785083
52.2761000026,8.04488317688
52.2509191359,8.92788016632
50.9119216008,7.91145175294
48.0845185967,9.80198155124
47.9183491297,8.20614324478
47.8285999954,12.5213801457
50.549653241,6.5754660246
48.1126362483,7.85277746741
49.1715808454,10.2475635194
50.6436143509,10.6854440832
48.5768368163,7.81259350786
52.2665047491,9.6267078216
52.4821950767,13.4319422714
52.1530413502,10.340306702
53.2752938207,10.4029955035
51.3702355673,6.77615767887
51.2171474696,6.63838550469
51.2520704081,6.79478570957
52.4563217198,13.5091928477
51.052277,13.804718
51.1902951338,14.4542404679
53.633059019,10.004997437
49.9802375966,6.90673945605
47.8795030764,10.0382613969
50.1187300006,8.81663510523
49.0340578,8.39439832035
48.342692,8.66244
52.1599554405,9.86712239024
50.1066966627,8.66376480011
53.1007765269,9.97813248225
52.5571307141,13.3728600083
54.3088406641,13.077677269
52.2589030373,11.8431590017
51.2592442272,7.14744484831
51.386486454,7.44053462471
47.8551129817,12.6293864639
48.4797775956,8.95243665046
51.4376089353,14.2632534875
52.4866744,13.4248777
52.6187736135,11.868204996
53.0836553563,7.38171426375
50.943062518,6.9595349983
50.598902974,8.06402590417
51.430165,6.772924
52.2083817216,11.1335270205
47.8998965713,10.641677255
50.536818927,8.53729903834
52.164528593,9.9658873045
52.3949207387,13.2379889539
50.9764874621,7.00714869487
51.362173289,7.46132889649
52.254555216,10.540200659
49.2478261484,11.1037789432
51.201493403,6.719107403
48.2260448676,12.6587916119
50.0996266027,8.68573355331
51.8495736156,6.86353295804
51.5665870983,6.96444665699
49.3593522926,8.6883835488
52.3675614728,13.5612562141
50.9140113551,6.96234674924
48.9716395351,12.1730628428
50.8850516964,7.18769023152
51.0038158868,11.0372829416
49.0408437692,8.29052282003
48.5007585185,10.0825914162
49.980208,9.142717
51.6300961497,7.87323184175
53.2350475693,7.47638234326
50.9948929944,13.8033973569
47.77351555,10.6046906178
49.8039966667,6.71646027224
52.1190214633,8.6639207999
52.1026150858,9.38718458017
49.5147870511,8.54715849163
51.3466651397,12.1750301774
51.5016591894,12.0331101684
49.2397010056,6.99047591056
51.733057929,10.2381565725
48.1322104942,11.6910090975
52.5333774682,13.1975691888
48.8274123635,10.0764172685
